-- phpMyAdmin SQL Dump
-- version 4.5.4.1
-- http://www.phpmyadmin.net
--
-- 主機: apps.csie.stu.edu.tw
-- 產生時間： 2016 年 11 月 04 日 17:19
-- 伺服器版本: 5.5.52-0ubuntu0.14.04.1-log
-- PHP 版本： 5.5.9-1ubuntu4.20

SET SQL_MODE = "NO_AUTO_VALUE_ON_ZERO";
SET time_zone = "+00:00";


/*!40101 SET @OLD_CHARACTER_SET_CLIENT=@@CHARACTER_SET_CLIENT */;
/*!40101 SET @OLD_CHARACTER_SET_RESULTS=@@CHARACTER_SET_RESULTS */;
/*!40101 SET @OLD_COLLATION_CONNECTION=@@COLLATION_CONNECTION */;
/*!40101 SET NAMES utf8mb4 */;

--
-- 資料庫： `lab_ntin`
--

-- --------------------------------------------------------

--
-- 資料表結構 `care_problem`
--

CREATE TABLE `care_problem` (
  `team_id` int(111) NOT NULL COMMENT '隊伍id',
  `hw_id` varchar(111) NOT NULL COMMENT '作業id',
  `care_problem` text NOT NULL COMMENT '護理問題',
  `care_plan` text NOT NULL COMMENT '護理計畫',
  `care_supplement` text COMMENT '補充',
  `comment` varchar(100) DEFAULT NULL COMMENT '老師評語'
) ENGINE=InnoDB DEFAULT CHARSET=utf8;

-- --------------------------------------------------------

--
-- 資料表結構 `case_profile`
--

CREATE TABLE `case_profile` (
  `team_id` int(111) NOT NULL COMMENT '隊伍id',
  `hw_id` varchar(111) NOT NULL COMMENT '作業id',
  `case_name` varchar(16) NOT NULL COMMENT '個案名稱',
  `case_sex` varchar(4) NOT NULL COMMENT '性別',
  `case_age` int(3) NOT NULL COMMENT '年齡',
  `case_height` int(3) NOT NULL COMMENT '身高',
  `case_weight` int(3) NOT NULL COMMENT '體重',
  `case_occpational` varchar(16) NOT NULL COMMENT '職業',
  `case_education` varchar(50) NOT NULL COMMENT '教育程度',
  `case_marital_status` varchar(50) NOT NULL COMMENT '婚姻狀況',
  `case_religious_faith` varchar(50) NOT NULL COMMENT '宗教信仰',
  `case_medication_history` text NOT NULL COMMENT '用藥史',
  `case_exercise_habits` text NOT NULL COMMENT '運動習慣',
  `case_diet` text NOT NULL COMMENT '飲食習慣',
  `case_family_madical_history` text NOT NULL COMMENT '家族病史',
  `case_other` text COMMENT '其他',
  `fm_supplement` varchar(255) DEFAULT NULL COMMENT '家庭成員補充說明',
  `comment` varchar(100) DEFAULT NULL COMMENT '老師評語'
) ENGINE=InnoDB DEFAULT CHARSET=utf8;

-- --------------------------------------------------------

--
-- 資料表結構 `course`
--

CREATE TABLE `course` (
  `course_id` int(11) NOT NULL,
  `course_name` text NOT NULL COMMENT '課程名稱',
  `academic_year` smallint(4) NOT NULL COMMENT '學年度',
  `instructor` varchar(12) NOT NULL COMMENT '授課老師',
  `semester` tinyint(11) NOT NULL COMMENT '學期1=上學期 , 2=下學期',
  `course_status` tinyint(4) NOT NULL DEFAULT '1' COMMENT '0=關課 1=正常'
) ENGINE=InnoDB DEFAULT CHARSET=utf8;

-- --------------------------------------------------------

--
-- 資料表結構 `course_student`
--

CREATE TABLE `course_student` (
  `course_id` int(11) NOT NULL COMMENT '關聯ID',
  `account` varchar(10) COLLATE utf8mb4_unicode_ci NOT NULL,
  `score` tinyint(4) NOT NULL COMMENT '分數'
) ENGINE=InnoDB DEFAULT CHARSET=utf8;

-- --------------------------------------------------------

--
-- 資料表結構 `discuss`
--

CREATE TABLE `discuss` (
  `team_id` int(111) NOT NULL COMMENT '隊伍id',
  `hw_id` varchar(111) NOT NULL COMMENT '作業id',
  `discuss_content` text NOT NULL COMMENT '內容',
  `comment` varchar(100) DEFAULT NULL COMMENT '老師評語'
) ENGINE=InnoDB DEFAULT CHARSET=utf8;

-- --------------------------------------------------------

--
-- 資料表結構 `family_developmental`
--

CREATE TABLE `family_developmental` (
  `team_id` int(111) NOT NULL COMMENT '隊伍id',
  `hw_id` varchar(111) NOT NULL COMMENT '作業id',
  `fd_periods` int(11) NOT NULL COMMENT '時期',
  `fd_stages` int(11) NOT NULL COMMENT '階段',
  `fd_tasks` char(30) NOT NULL COMMENT '任務',
  `fd_supplement` varchar(500) NOT NULL COMMENT '補充',
  `comment` varchar(100) DEFAULT NULL
) ENGINE=InnoDB DEFAULT CHARSET=utf8 COMMENT='家庭發展';

-- --------------------------------------------------------

--
-- 資料表結構 `family_environment`
--

CREATE TABLE `family_environment` (
  `team_id` int(111) NOT NULL COMMENT '隊伍id',
  `hw_id` varchar(111) NOT NULL COMMENT '作業id',
  `fe_planar_graph` varchar(500) NOT NULL COMMENT '家中平面圖',
  `fe_neighborhood_graph` varchar(500) NOT NULL COMMENT '家庭鄰近圖',
  `fe_community_relationship_graph` varchar(500) NOT NULL COMMENT '社區關係圖',
  `comment` varchar(100) DEFAULT NULL COMMENT '老師評語'
) ENGINE=InnoDB DEFAULT CHARSET=utf8 COMMENT='家庭環境';

-- --------------------------------------------------------

--
-- 資料表結構 `family_function`
--

CREATE TABLE `family_function` (
  `team_id` int(111) NOT NULL COMMENT '隊伍id',
  `hw_id` varchar(111) NOT NULL COMMENT '作業id',
  `ff_familycircle_img` varchar(50) NOT NULL COMMENT '家庭圈圖',
  `ff_familycircle_ppt` varchar(50) NOT NULL COMMENT '家庭圈PPT',
  `ff_apgar` varchar(10) NOT NULL COMMENT 'APGAR評估表',
  `ff_absence` varchar(20) NOT NULL COMMENT '缺席成員',
  `ff_attend` varchar(20) NOT NULL COMMENT '出席成員',
  `ff_problem` varchar(400) NOT NULL COMMENT 'P：呈現的問題或家庭會談的原因',
  `ff_roles` varchar(400) NOT NULL COMMENT 'R：角色、結構、組織',
  `ff_affect` varchar(400) NOT NULL COMMENT 'A：情感',
  `ff_communication` varchar(400) NOT NULL COMMENT 'C：溝通',
  `ff_time` varchar(400) NOT NULL COMMENT 'T：時期',
  `ff_illness` varchar(400) NOT NULL COMMENT 'I：疾病',
  `ff_adaptability` varchar(400) NOT NULL COMMENT 'C：調適或適應性',
  `ff_ecology` varchar(400) NOT NULL COMMENT 'C：生活環境',
  `ff_reproduction` varchar(400) NOT NULL COMMENT '生育功能',
  `ff_economic` varchar(400) NOT NULL COMMENT '經濟功能',
  `ff_sexual` varchar(400) NOT NULL COMMENT '情感功能',
  `ff_socialisation` varchar(400) NOT NULL COMMENT '社會化功能',
  `ff_health` varchar(400) NOT NULL COMMENT '健康照護功能',
  `ff_supplement` varchar(400) NOT NULL COMMENT '補充',
  `comment` varchar(100) DEFAULT NULL COMMENT '老師評語'
) ENGINE=InnoDB DEFAULT CHARSET=utf8;

-- --------------------------------------------------------

--
-- 資料表結構 `family_member`
--

CREATE TABLE `family_member` (
  `fm_id` int(11) NOT NULL,
  `team_id` int(3) NOT NULL COMMENT '隊伍id',
  `hw_id` varchar(111) NOT NULL COMMENT '作業id',
  `fm_name` varchar(16) NOT NULL COMMENT '姓名',
  `fm_relatives` varchar(16) NOT NULL COMMENT '稱謂',
  `fm_age` int(3) NOT NULL COMMENT '年齡',
  `fm_formal_role` varchar(16) NOT NULL COMMENT '正式角色',
  `fm_informal_role` varchar(16) NOT NULL COMMENT '非正式角色',
  `fm_education` varchar(6) NOT NULL COMMENT '教育程度',
  `fm_religious_faith` varchar(10) NOT NULL COMMENT '宗教信仰',
  `fm_occpational` varchar(16) NOT NULL COMMENT '職業',
  `fm_language` varchar(10) NOT NULL COMMENT '語言',
  `fm_disease` varchar(30) NOT NULL COMMENT '不健康行為或疾病',
  `comment` varchar(100) DEFAULT NULL COMMENT '老師評語'
) ENGINE=InnoDB DEFAULT CHARSET=utf8;

-- --------------------------------------------------------

--
-- 資料表結構 `family_member_comment`
--

CREATE TABLE `family_member_comment` (
  `team_id` int(111) NOT NULL,
  `hw_id` varchar(111) COLLATE utf8mb4_unicode_ci NOT NULL COMMENT '作業id',
  `comment` text CHARACTER SET utf8 NOT NULL,
  `fm_other` text CHARACTER SET utf8
) ENGINE=InnoDB DEFAULT CHARSET=utf8;

-- --------------------------------------------------------

--
-- 資料表結構 `family_resources`
--

CREATE TABLE `family_resources` (
  `team_id` int(111) NOT NULL COMMENT '隊伍id',
  `hw_id` varchar(111) NOT NULL COMMENT '作業id',
  `fr_eco_map_img` varchar(50) NOT NULL COMMENT 'Eco-Map圖',
  `fr_eco_map_ppt` varchar(50) NOT NULL COMMENT 'Eco-Map PPT',
  `fr_financial_sup` varchar(200) NOT NULL COMMENT '財力支持',
  `fr_advocacy_sup` varchar(200) NOT NULL COMMENT '精神支持',
  `fr_medical_management` varchar(200) NOT NULL COMMENT '醫療處置',
  `fr_love` varchar(200) NOT NULL COMMENT '愛',
  `fr_ioe` varchar(200) NOT NULL COMMENT '資訊或教育',
  `fr_structure_sup` varchar(200) NOT NULL COMMENT '結構支持',
  `fr_community` varchar(200) NOT NULL COMMENT '社會資源',
  `fr_culture` varchar(200) NOT NULL COMMENT '文化資源',
  `fr_religion` varchar(200) NOT NULL COMMENT '宗教資源',
  `fr_income` varchar(200) NOT NULL COMMENT '經濟資源',
  `fr_education` varchar(200) NOT NULL COMMENT '教育資源',
  `fr_surrounding` varchar(200) NOT NULL COMMENT '環境資源',
  `fr_medical` varchar(200) NOT NULL COMMENT '醫療資源',
  `fr_supplement` varchar(200) NOT NULL COMMENT '補充',
  `comment` varchar(100) DEFAULT NULL COMMENT '老師評語'
) ENGINE=InnoDB DEFAULT CHARSET=utf8;

-- --------------------------------------------------------

--
-- 資料表結構 `family_stress`
--

CREATE TABLE `family_stress` (
  `team_id` int(111) NOT NULL COMMENT '隊伍id',
  `hw_id` varchar(111) NOT NULL COMMENT '作業id',
  `fstress_lcu` varchar(200) NOT NULL COMMENT '生活改變事件評值表',
  `fs_supplement` varchar(400) NOT NULL COMMENT '補充',
  `comment` varchar(100) DEFAULT NULL COMMENT '老師評語'
) ENGINE=InnoDB DEFAULT CHARSET=utf8;

-- --------------------------------------------------------

--
-- 資料表結構 `family_structure`
--

CREATE TABLE `family_structure` (
  `team_id` int(111) NOT NULL COMMENT '隊伍id',
  `hw_id` varchar(111) NOT NULL COMMENT '作業id',
  `fstructure_communication` varchar(500) NOT NULL COMMENT '溝通',
  `fstructure_power_structure` varchar(500) NOT NULL COMMENT '權力結構',
  `fstructure_role_structure` varchar(500) NOT NULL COMMENT '角色結構',
  `fstructure_values` varchar(500) NOT NULL COMMENT '價值觀',
  `fstructure_supplement` varchar(500) NOT NULL COMMENT '補充',
  `comment` varchar(100) DEFAULT NULL COMMENT '老師評語'
) ENGINE=InnoDB DEFAULT CHARSET=utf8;

-- --------------------------------------------------------

--
-- 資料表結構 `foreword`
--

CREATE TABLE `foreword` (
  `team_id` int(111) NOT NULL COMMENT '隊伍id',
  `hw_id` varchar(111) NOT NULL COMMENT '作業id',
  `foreword_text` text NOT NULL COMMENT '前言內容',
  `comment` varchar(100) DEFAULT NULL COMMENT '老師評語'
) ENGINE=InnoDB DEFAULT CHARSET=utf8;

-- --------------------------------------------------------

--
-- 資料表結構 `homework`
--

CREATE TABLE `homework` (
  `hw_id` int(11) NOT NULL,
  `course_id` int(11) NOT NULL COMMENT '關連',
  `hw_name` text COLLATE utf8mb4_unicode_ci NOT NULL,
  `hw_end_time` date NOT NULL,
  `create_time` date NOT NULL
) ENGINE=InnoDB DEFAULT CHARSET=utf8;

-- --------------------------------------------------------

--
-- 資料表結構 `literature`
--

CREATE TABLE `literature` (
  `team_id` int(11) NOT NULL COMMENT '隊伍id',
  `hw_id` varchar(111) COLLATE utf8mb4_unicode_ci NOT NULL COMMENT '作業id',
  `literature_text` varchar(255) COLLATE utf8mb4_unicode_ci NOT NULL COMMENT '文獻查證內容',
  `comment` varchar(100) COLLATE utf8mb4_unicode_ci DEFAULT NULL COMMENT '老師評語'
) ENGINE=InnoDB DEFAULT CHARSET=utf8;

-- --------------------------------------------------------

--
-- 資料表結構 `main`
--

CREATE TABLE `main` (
  `main_id` int(11) NOT NULL COMMENT '主要id',
  `team_id` int(11) NOT NULL COMMENT '隊伍id',
  `hw_id` varchar(111) COLLATE utf8mb4_unicode_ci NOT NULL COMMENT '作業id',
  `score` tinyint(4) DEFAULT NULL COMMENT '分數'
) ENGINE=InnoDB DEFAULT CHARSET=utf8;

-- --------------------------------------------------------

--
-- 資料表結構 `menu_detail`
--

CREATE TABLE `menu_detail` (
  `menu_detailed_id` int(11) NOT NULL,
  `menu_name` varchar(20) NOT NULL,
  `menu_describe` varchar(30) NOT NULL,
  `menu_path` varchar(20) NOT NULL,
  `menu_group_id` int(11) NOT NULL
) ENGINE=InnoDB DEFAULT CHARSET=utf8;

--
-- 資料表的匯出資料 `menu_detail`
--

INSERT INTO `menu_detail` (`menu_detailed_id`, `menu_name`, `menu_describe`, `menu_path`, `menu_group_id`) VALUES
(1, '課程與作業', '課程與作業列表', 'home', 1),
(3, '帳號管理', '管理所有使用者帳號', 'manage', 2),
(4, '我的帳號', '設定使用者帳號', 'info', 2),
(5, '編輯課程', '針對課程進行管理', 'course', 3),
(10, '訪問記錄', '訪問記錄', 'ch0', 5),
(11, '壹、前言', '前言', 'ch1', 5),
(12, '貳、文獻查證', '文獻查證', 'ch2', 5),
(13, '参、個案簡介', '主要個案簡介', 'ch3', 5),
(14, '肆、個案家庭成員', '家庭成員資料', 'ch4', 5),
(15, '伍、家庭結構', '家庭的結構', 'ch5', 5),
(16, '陸、家庭環境', '家庭的環境', 'ch6', 5),
(17, '柒、家庭發展', '家庭的發展', 'ch7', 5),
(18, '捌、家庭功能', '家庭的功能', 'ch8', 5),
(19, '玖、家庭壓力', '家庭的壓力來源', 'ch9', 5),
(20, '拾、家庭資源', '家庭的資源', 'ch10', 5),
(21, '拾壹、護理問題與計畫', '護理問題與計畫', 'ch11', 5),
(22, '拾貳、討論', '個案討論', 'ch12', 5),
(23, '拾参、參考文獻', '引用文獻', 'ch13', 5),
(123, '作業批改', '作業批改', 'mark', 1),
(124, '分組管理', '分組管理', 'team', 2);

-- --------------------------------------------------------

--
-- 資料表結構 `menu_group`
--

CREATE TABLE `menu_group` (
  `menu_group_id` int(11) NOT NULL,
  `menu_group_name` varchar(10) NOT NULL
) ENGINE=InnoDB DEFAULT CHARSET=utf8;

--
-- 資料表的匯出資料 `menu_group`
--

INSERT INTO `menu_group` (`menu_group_id`, `menu_group_name`) VALUES
(1, '作業事項'),
(2, '帳號管理'),
(3, '課程管理'),
(4, '經費管理'),
(5, '作業內容');

-- --------------------------------------------------------

--
-- 資料表結構 `opt_permission`
--

CREATE TABLE `opt_permission` (
  `opt_permission_id` int(11) NOT NULL,
  `opt_permission_name` varchar(10) NOT NULL
) ENGINE=InnoDB DEFAULT CHARSET=utf8;

--
-- 資料表的匯出資料 `opt_permission`
--

INSERT INTO `opt_permission` (`opt_permission_id`, `opt_permission_name`) VALUES
(1, '系統管理員'),
(2, '教師'),
(3, '學生');

-- --------------------------------------------------------

--
-- 資料表結構 `opt_user_status`
--

CREATE TABLE `opt_user_status` (
  `status_id` int(11) NOT NULL,
  `status_name` varchar(10) NOT NULL
) ENGINE=InnoDB DEFAULT CHARSET=utf8;

--
-- 資料表的匯出資料 `opt_user_status`
--

INSERT INTO `opt_user_status` (`status_id`, `status_name`) VALUES
(0, '停權'),
(1, '啟用'),
(2, '初始');

-- --------------------------------------------------------

--
-- 資料表結構 `permission`
--

CREATE TABLE `permission` (
  `permission_id` int(11) NOT NULL,
  `menu_detailed_id` int(11) NOT NULL
) ENGINE=InnoDB DEFAULT CHARSET=utf8;

--
-- 資料表的匯出資料 `permission`
--

INSERT INTO `permission` (`permission_id`, `menu_detailed_id`) VALUES
(1, 1),
(1, 2),
(1, 3),
(1, 4),
(1, 5),
(1, 6),
(2, 1),
(2, 2),
(2, 3),
(2, 4),
(2, 5),
(2, 6),
(3, 4),
(3, 6),
(3, 1),
(3, 11),
(3, 99),
(3, 120),
(1, 123),
(2, 123),
(3, 12),
(3, 13),
(3, 14),
(3, 15),
(3, 16),
(3, 17),
(3, 18),
(3, 19),
(3, 20),
(3, 21),
(3, 22),
(3, 23),
(1, 124),
(2, 124),
(2, 12),
(2, 13),
(2, 14),
(2, 15),
(2, 16),
(2, 17),
(2, 18),
(2, 19),
(2, 20),
(2, 21),
(2, 22),
(2, 23),
(1, 12),
(1, 13),
(1, 14),
(1, 15),
(1, 16),
(1, 17),
(1, 18),
(1, 19),
(1, 20),
(1, 21),
(1, 22),
(1, 23),
(1, 11),
(2, 11),
(1, 10),
(2, 10),
(3, 10);

-- --------------------------------------------------------

--
-- 資料表結構 `record`
--

CREATE TABLE `record` (
  `record_id` int(255) NOT NULL,
  `account` varchar(255) NOT NULL,
  `date` varchar(255) NOT NULL,
  `team_id` varchar(255) NOT NULL,
  `hw_id` varchar(255) NOT NULL,
  `invite_note` varchar(255) NOT NULL
) ENGINE=InnoDB DEFAULT CHARSET=utf8;

-- --------------------------------------------------------

--
-- 資料表結構 `reference`
--

CREATE TABLE `reference` (
  `team_id` int(111) NOT NULL COMMENT '隊伍id',
  `hw_id` varchar(111) NOT NULL COMMENT '作業id',
  `reference_content` text NOT NULL COMMENT '內容',
  `comment` varchar(100) DEFAULT NULL COMMENT '老師評語'
) ENGINE=InnoDB DEFAULT CHARSET=utf8;

-- --------------------------------------------------------

--
-- 資料表結構 `reference_file`
--

CREATE TABLE `reference_file` (
  `team_id` int(255) NOT NULL,
  `hw_id` varchar(255) COLLATE utf8mb4_unicode_ci NOT NULL,
  `file_name` varchar(255) COLLATE utf8mb4_unicode_ci NOT NULL
) ENGINE=InnoDB DEFAULT CHARSET=utf8;

-- --------------------------------------------------------

--
-- 資料表結構 `team`
--

CREATE TABLE `team` (
  `team_id` int(255) NOT NULL,
  `hw_id` varchar(111) NOT NULL,
  `name` varchar(255) CHARACTER SET utf8 NOT NULL,
  `complete` varchar(6) CHARACTER SET utf8 NOT NULL DEFAULT '0' COMMENT '0未完成 , 1完成'
) ENGINE=InnoDB DEFAULT CHARSET=utf8;

-- --------------------------------------------------------

--
-- 資料表結構 `team_member`
--

CREATE TABLE `team_member` (
  `team_id` int(11) NOT NULL COMMENT 'team編號',
  `member` varchar(255) CHARACTER SET utf8 NOT NULL COMMENT 'team成員'
) ENGINE=InnoDB DEFAULT CHARSET=utf8;

-- --------------------------------------------------------

--
-- 資料表結構 `upload`
--

CREATE TABLE `upload` (
  `team_id` int(11) NOT NULL,
  `hw_id` varchar(111) NOT NULL,
  `ppt1_name` char(255) NOT NULL,
  `img1_name` char(255) NOT NULL,
  `ppt2_name` char(255) NOT NULL,
  `img2_name` char(255) NOT NULL,
  `ppt3_name` char(255) NOT NULL,
  `img3_name` char(255) NOT NULL,
  `ppt4_name` char(255) NOT NULL,
  `img4_name` char(255) NOT NULL,
  `ppt5_name` char(255) NOT NULL,
  `img5_name` char(255) NOT NULL
) ENGINE=InnoDB DEFAULT CHARSET=utf8 COMMENT='上傳記錄';

-- --------------------------------------------------------

--
-- 資料表結構 `upload_ch4`
--

CREATE TABLE `upload_ch4` (
  `hw_id` varchar(111) NOT NULL,
  `team_id` int(11) NOT NULL,
  `file_type` text NOT NULL,
  `file_name` text NOT NULL
) ENGINE=InnoDB DEFAULT CHARSET=utf8;

-- --------------------------------------------------------

--
-- 資料表結構 `user`
--

CREATE TABLE `user` (
  `account` varchar(15) NOT NULL COMMENT '帳號',
  `password` varchar(15) NOT NULL COMMENT '密碼',
  `name` varchar(8) NOT NULL COMMENT '姓名',
  `email` varchar(50) NOT NULL COMMENT '信箱',
  `permission_id` int(3) NOT NULL COMMENT '權限',
  `status` int(3) NOT NULL DEFAULT '1' COMMENT '狀態0=休學, 1=正常, 2=需認證',
  `entry` tinyint(4) NOT NULL COMMENT '入學年',
  `class` varchar(6) NOT NULL,
  `create_time` datetime NOT NULL
) ENGINE=InnoDB DEFAULT CHARSET=utf8;

--
-- 資料表的匯出資料 `user`
--

INSERT INTO `user` (`account`, `password`, `name`, `email`, `permission_id`, `status`, `entry`, `class`, `create_time`) VALUES
('13113143', 'ppc1sgod', '金煜家', 's13113143@stu.edu.tw', 3, 1, 102, '401', '2016-11-03 00:47:31'),
('15113148', '15113148', '陳勇霖', 's15113148@stu.edu.tw', 3, 1, 101, '501', '2016-11-04 16:04:00'),
('510001202', '510001202', '丁維萱', '', 3, 1, 100, '506', '0000-00-00 00:00:00'),
('510101101', '510101101', '朱文輝', '', 3, 1, 101, '501', '0000-00-00 00:00:00'),
('510101102', '510101102', '吳品萱', '', 3, 1, 101, '501', '0000-00-00 00:00:00'),
('510101103', '510101103', '呂振任', '', 3, 1, 101, '501', '0000-00-00 00:00:00'),
('510101105', '510101105', '李文菁', '', 3, 1, 101, '501', '0000-00-00 00:00:00'),
('510101106', '510101106', '杜育茹', '', 3, 1, 101, '501', '0000-00-00 00:00:00'),
('510101107', '510101107', '汪秀盈', '', 3, 1, 101, '501', '0000-00-00 00:00:00'),
('510101108', '510101108', '江佩芸', '', 3, 1, 101, '501', '0000-00-00 00:00:00'),
('510101109', '510101109', '沙語萱', '', 3, 1, 101, '501', '0000-00-00 00:00:00'),
('510101110', '510101110', '林怡妏', '', 3, 1, 101, '501', '0000-00-00 00:00:00'),
('510101111', '510101111', '林姿瑜', '', 3, 1, 101, '501', '0000-00-00 00:00:00'),
('510101112', '510101112', '邱湘茹', '', 3, 1, 101, '501', '0000-00-00 00:00:00'),
('510101113', '510101113', '洪珮芳', '', 3, 1, 101, '501', '0000-00-00 00:00:00'),
('510101114', '510101114', '張育婕', '', 3, 1, 101, '501', '0000-00-00 00:00:00'),
('510101115', '510101115', '張琇萍', '', 3, 1, 101, '501', '0000-00-00 00:00:00'),
('510101116', '510101116', '張嘉芬', '', 3, 1, 101, '501', '0000-00-00 00:00:00'),
('510101117', '510101117', '梁芷瑄', '', 3, 1, 101, '501', '0000-00-00 00:00:00'),
('510101118', '510101118', '莊亞菁', '', 3, 1, 101, '501', '0000-00-00 00:00:00'),
('510101120', '510101120', '許雅雲', '', 3, 1, 101, '501', '0000-00-00 00:00:00'),
('510101121', '510101121', '郭佳欣', '', 3, 1, 101, '501', '0000-00-00 00:00:00'),
('510101122', '510101122', '陳奕君', '', 3, 1, 101, '501', '0000-00-00 00:00:00'),
('510101123', '510101123', '陳思羽', '', 3, 1, 101, '501', '0000-00-00 00:00:00'),
('510101124', '510101124', '陳柏君', '', 3, 1, 101, '501', '0000-00-00 00:00:00'),
('510101125', '510101125', '陳軍瑾', '', 3, 1, 101, '501', '0000-00-00 00:00:00'),
('510101126', '510101126', '陳嘉薇', '', 3, 1, 101, '501', '0000-00-00 00:00:00'),
('510101127', '510101127', '曾如萱', '', 3, 1, 101, '501', '0000-00-00 00:00:00'),
('510101128', '510101128', '曾妍菱', '', 3, 1, 101, '501', '0000-00-00 00:00:00'),
('510101129', '510101129', '黃亭禎', '', 3, 1, 101, '501', '0000-00-00 00:00:00'),
('510101130', '510101130', '黃品慈', '', 3, 1, 101, '501', '0000-00-00 00:00:00'),
('510101131', '510101131', '黃湘雲', '', 3, 1, 101, '501', '0000-00-00 00:00:00'),
('510101132', '510101132', '黃微淳', '', 3, 1, 101, '501', '0000-00-00 00:00:00'),
('510101133', '510101133', '楊文庭', '', 3, 1, 101, '501', '0000-00-00 00:00:00'),
('510101134', '510101134', '楊宜蓁', '', 3, 1, 101, '501', '0000-00-00 00:00:00'),
('510101135', '510101135', '楊薰汝', '', 3, 1, 101, '501', '0000-00-00 00:00:00'),
('510101136', '510101136', '葛又慈', '', 3, 1, 101, '501', '0000-00-00 00:00:00'),
('510101137', '510101137', '劉怡秀', '', 3, 1, 101, '501', '0000-00-00 00:00:00'),
('510101138', '510101138', '劉庭羽', '', 3, 1, 101, '501', '0000-00-00 00:00:00'),
('510101139', '510101139', '蔡旻臻', '', 3, 1, 101, '501', '0000-00-00 00:00:00'),
('510101140', '510101140', '蔡美玲', '', 3, 1, 101, '501', '0000-00-00 00:00:00'),
('510101141', '510101141', '蔡苙妍', '', 3, 1, 101, '501', '0000-00-00 00:00:00'),
('510101142', '510101142', '賴子芊', '', 3, 1, 101, '501', '0000-00-00 00:00:00'),
('510101143', '510101143', '賴玟君', '', 3, 1, 101, '501', '0000-00-00 00:00:00'),
('510101144', '510101144', '鍾佳玲', '', 3, 1, 101, '501', '0000-00-00 00:00:00'),
('510101145', '510101145', '顏詩芸', '', 3, 1, 101, '501', '0000-00-00 00:00:00'),
('510101146', '510101146', '羅富萁', '', 3, 1, 101, '501', '0000-00-00 00:00:00'),
('510101147', '510101147', '蘇怡蒨', '', 3, 1, 101, '501', '0000-00-00 00:00:00'),
('510101148', '510101148', '蘇意琇', '', 3, 1, 101, '501', '0000-00-00 00:00:00'),
('510101149', '510101149', '鐘靜雯', '', 3, 1, 101, '501', '0000-00-00 00:00:00'),
('510101150', '510101150', '龔莉晶', '', 3, 1, 101, '501', '0000-00-00 00:00:00'),
('510101151', '510101151', '潘冠羽', '', 3, 1, 101, '501', '0000-00-00 00:00:00'),
('510101201', '510101201', '王湘苓', '', 3, 1, 101, '502', '0000-00-00 00:00:00'),
('510101203', '510101203', '朱文棟', '', 3, 1, 101, '502', '0000-00-00 00:00:00'),
('510101204', '510101204', '江霈慈', '', 3, 1, 101, '502', '0000-00-00 00:00:00'),
('510101205', '510101205', '吳怡璇', '', 3, 1, 101, '502', '0000-00-00 00:00:00'),
('510101206', '510101206', '吳昭儀', '', 3, 1, 101, '502', '0000-00-00 00:00:00'),
('510101207', '510101207', '李佾珊', '', 3, 1, 101, '502', '0000-00-00 00:00:00'),
('510101208', '510101208', '李姿萱', '', 3, 1, 101, '502', '0000-00-00 00:00:00'),
('510101211', '510101211', '林欣藝', '', 3, 1, 101, '502', '0000-00-00 00:00:00'),
('510101212', '510101212', '林佩怡', '', 3, 1, 101, '502', '0000-00-00 00:00:00'),
('510101213', '510101213', '林佳霈', '', 3, 1, 101, '502', '0000-00-00 00:00:00'),
('510101214', '510101214', '林怡君', '', 3, 1, 101, '502', '0000-00-00 00:00:00'),
('510101215', '510101215', '施玟莉', '', 3, 1, 101, '502', '0000-00-00 00:00:00'),
('510101216', '510101216', '柯芊瑀', '', 3, 1, 101, '502', '0000-00-00 00:00:00'),
('510101217', '510101217', '范芳綺', '', 3, 1, 101, '502', '0000-00-00 00:00:00'),
('510101218', '510101218', '莊婷茵', '', 3, 1, 101, '502', '0000-00-00 00:00:00'),
('510101219', '510101219', '高菡秀', '', 3, 1, 101, '502', '0000-00-00 00:00:00'),
('510101220', '510101220', '張立民', '', 3, 1, 101, '502', '0000-00-00 00:00:00'),
('510101221', '510101221', '許蕙閔', '', 3, 1, 101, '502', '0000-00-00 00:00:00'),
('510101222', '510101222', '許芸融', '', 3, 1, 101, '502', '0000-00-00 00:00:00'),
('510101223', '510101223', '許家茜', '', 3, 1, 101, '502', '0000-00-00 00:00:00'),
('510101224', '510101224', '陳芝穎', '', 3, 1, 101, '502', '0000-00-00 00:00:00'),
('510101225', '510101225', '陳姿妤', '', 3, 1, 101, '502', '0000-00-00 00:00:00'),
('510101226', '510101226', '陳姿燕', '', 3, 1, 101, '502', '0000-00-00 00:00:00'),
('510101227', '510101227', '陳思安', '', 3, 1, 101, '502', '0000-00-00 00:00:00'),
('510101229', '510101229', '陳郁佳', '', 3, 1, 101, '502', '0000-00-00 00:00:00'),
('510101230', '510101230', '陳毓婷', '', 3, 1, 101, '502', '0000-00-00 00:00:00'),
('510101231', '510101231', '陳靖函', '', 3, 1, 101, '502', '0000-00-00 00:00:00'),
('510101232', '510101232', '曾永廷', '', 3, 1, 101, '502', '0000-00-00 00:00:00'),
('510101233', '510101233', '曾欣怡', '', 3, 1, 101, '502', '0000-00-00 00:00:00'),
('510101234', '510101234', '曾采玹', '', 3, 1, 101, '502', '0000-00-00 00:00:00'),
('510101235', '510101235', '曾婕鈴', '', 3, 1, 101, '502', '0000-00-00 00:00:00'),
('510101236', '510101236', '黃子菱', '', 3, 1, 101, '502', '0000-00-00 00:00:00'),
('510101237', '510101237', '黃怡寧', '', 3, 1, 101, '502', '0000-00-00 00:00:00'),
('510101238', '510101238', '黃柔靜', '', 3, 1, 101, '502', '0000-00-00 00:00:00'),
('510101239', '510101239', '黃珍苓', '', 3, 1, 101, '502', '0000-00-00 00:00:00'),
('510101240', '510101240', '黃郁芳', '', 3, 1, 101, '502', '0000-00-00 00:00:00'),
('510101241', '510101241', '黃郁綺', '', 3, 1, 101, '502', '0000-00-00 00:00:00'),
('510101242', '510101242', '黃意婷', '', 3, 1, 101, '502', '0000-00-00 00:00:00'),
('510101243', '510101243', '劉雅玄', '', 3, 1, 101, '502', '0000-00-00 00:00:00'),
('510101244', '510101244', '賴姿均', '', 3, 1, 101, '502', '0000-00-00 00:00:00'),
('510101245', '510101245', '賴虹米', '', 3, 1, 101, '502', '0000-00-00 00:00:00'),
('510101246', '510101246', '賴慧娟', '', 3, 1, 101, '502', '0000-00-00 00:00:00'),
('510101247', '510101247', '戴敏帆', '', 3, 1, 101, '502', '0000-00-00 00:00:00'),
('510101248', '510101248', '薛雅方', '', 3, 1, 101, '502', '0000-00-00 00:00:00'),
('510101249', '510101249', '簡佳琪', '', 3, 1, 101, '502', '0000-00-00 00:00:00'),
('510101250', '510101250', '羅伊君', '', 3, 1, 101, '502', '0000-00-00 00:00:00'),
('510101251', '510101251', '謝宛妤', '', 3, 1, 101, '502', '0000-00-00 00:00:00'),
('510101301', '510101301', '王奕心', '', 3, 1, 101, '503', '0000-00-00 00:00:00'),
('510101302', '510101302', '王姝鈞', '', 3, 1, 101, '503', '0000-00-00 00:00:00'),
('510101303', '510101303', '王詩涵', '', 3, 1, 101, '503', '0000-00-00 00:00:00'),
('510101304', '510101304', '王禎旎', '', 3, 1, 101, '503', '0000-00-00 00:00:00'),
('510101305', '510101305', '白孟顏', '', 3, 1, 101, '503', '0000-00-00 00:00:00'),
('510101306', '510101306', '吳佳慧', '', 3, 1, 101, '503', '0000-00-00 00:00:00'),
('510101307', '510101307', '吳珮綺', '', 3, 1, 101, '503', '0000-00-00 00:00:00'),
('510101308', '510101308', '吳懿蓁', '', 3, 1, 101, '503', '0000-00-00 00:00:00'),
('510101309', '510101309', '李旻綺', '', 3, 1, 101, '503', '0000-00-00 00:00:00'),
('510101311', '510101311', '林吟昱', '', 3, 1, 101, '503', '0000-00-00 00:00:00'),
('510101312', '510101312', '林孟璇', '', 3, 1, 101, '503', '0000-00-00 00:00:00'),
('510101314', '510101314', '洪于婷', '', 3, 1, 101, '503', '0000-00-00 00:00:00'),
('510101315', '510101315', '洪佳柔', '', 3, 1, 101, '503', '0000-00-00 00:00:00'),
('510101316', '510101316', '徐妍禎', '', 3, 1, 101, '503', '0000-00-00 00:00:00'),
('510101317', '510101317', '徐婕盈', '', 3, 1, 101, '503', '0000-00-00 00:00:00'),
('510101318', '510101318', '張淑閔', '', 3, 1, 101, '503', '0000-00-00 00:00:00'),
('510101319', '510101319', '張雅情', '', 3, 1, 101, '503', '0000-00-00 00:00:00'),
('510101320', '510101320', '曹立瑤', '', 3, 1, 101, '503', '0000-00-00 00:00:00'),
('510101321', '510101321', '章玉彩', '', 3, 1, 101, '503', '0000-00-00 00:00:00'),
('510101322', '510101322', '莊旻珊', '', 3, 1, 101, '503', '0000-00-00 00:00:00'),
('510101323', '510101323', '莊靜雯', '', 3, 1, 101, '503', '0000-00-00 00:00:00'),
('510101324', '510101324', '許芷媛', '', 3, 1, 101, '503', '0000-00-00 00:00:00'),
('510101325', '510101325', '許雅婷', '', 3, 1, 101, '503', '0000-00-00 00:00:00'),
('510101326', '510101326', '陳子威', '', 3, 1, 101, '503', '0000-00-00 00:00:00'),
('510101327', '510101327', '陳怡涵', '', 3, 1, 101, '503', '0000-00-00 00:00:00'),
('510101328', '510101328', '陳姿螢', '', 3, 1, 101, '503', '0000-00-00 00:00:00'),
('510101329', '510101329', '陳宥穎', '', 3, 1, 101, '503', '0000-00-00 00:00:00'),
('510101330', '510101330', '陳建凱', '', 3, 1, 101, '503', '0000-00-00 00:00:00'),
('510101332', '510101332', '陳瑋真', '', 3, 1, 101, '503', '0000-00-00 00:00:00'),
('510101333', '510101333', '陳緻融', '', 3, 1, 101, '503', '0000-00-00 00:00:00'),
('510101334', '510101334', '陳麗淇', '', 3, 1, 101, '503', '0000-00-00 00:00:00'),
('510101335', '510101335', '彭怡華', '', 3, 1, 101, '503', '0000-00-00 00:00:00'),
('510101337', '510101337', '黃貞霓', '', 3, 1, 101, '503', '0000-00-00 00:00:00'),
('510101338', '510101338', '黃紫瑗', '', 3, 1, 101, '503', '0000-00-00 00:00:00'),
('510101339', '510101339', '黃毓淳', '', 3, 1, 101, '503', '0000-00-00 00:00:00'),
('510101340', '510101340', '黃嘉誼', '', 3, 1, 101, '503', '0000-00-00 00:00:00'),
('510101341', '510101341', '葉儒晏', '', 3, 1, 101, '503', '0000-00-00 00:00:00'),
('510101342', '510101342', '雷孟璇', '', 3, 1, 101, '503', '0000-00-00 00:00:00'),
('510101343', '510101343', '劉香君', '', 3, 1, 101, '503', '0000-00-00 00:00:00'),
('510101344', '510101344', '劉庭妤', '', 3, 1, 101, '503', '0000-00-00 00:00:00'),
('510101345', '510101345', '劉珮怡', '', 3, 1, 101, '503', '0000-00-00 00:00:00'),
('510101346', '510101346', '鄭怡盈', '', 3, 1, 101, '503', '0000-00-00 00:00:00'),
('510101347', '510101347', '蕭怡君', '', 3, 1, 101, '503', '0000-00-00 00:00:00'),
('510101348', '510101348', '賴昱蓉', '', 3, 1, 101, '503', '0000-00-00 00:00:00'),
('510101349', '510101349', '蘇品瑜', '', 3, 1, 101, '503', '0000-00-00 00:00:00'),
('510101350', '510101350', '蘇姵瑄', '', 3, 1, 101, '503', '0000-00-00 00:00:00'),
('510101351', '510101351', '蘇楓雅', '', 3, 1, 101, '503', '0000-00-00 00:00:00'),
('510101352', '510101352', '洪宇林', '', 3, 1, 101, '503', '0000-00-00 00:00:00'),
('510101353', '510101353', '陳旻婕', '', 3, 1, 101, '503', '0000-00-00 00:00:00'),
('510101354', '510101354', '葉家瑀', '', 3, 1, 101, '503', '0000-00-00 00:00:00'),
('510101402', '510101402', '王暐妮', '', 3, 1, 101, '504', '0000-00-00 00:00:00'),
('510101403', '510101403', '王曉萍', '', 3, 1, 101, '504', '0000-00-00 00:00:00'),
('510101404', '510101404', '朱庭萱', '', 3, 1, 101, '504', '0000-00-00 00:00:00'),
('510101405', '510101405', '吳妤方', '', 3, 1, 101, '504', '0000-00-00 00:00:00'),
('510101406', '510101406', '吳佳純', '', 3, 1, 101, '504', '0000-00-00 00:00:00'),
('510101408', '510101408', '李佳芬', '', 3, 1, 101, '504', '0000-00-00 00:00:00'),
('510101409', '510101409', '李芳郡', '', 3, 1, 101, '504', '0000-00-00 00:00:00'),
('510101410', '510101410', '李品慧', '', 3, 1, 101, '504', '0000-00-00 00:00:00'),
('510101411', '510101411', '杜佳欣', '', 3, 1, 101, '504', '0000-00-00 00:00:00'),
('510101412', '510101412', '林佳萱', '', 3, 1, 101, '504', '0000-00-00 00:00:00'),
('510101413', '510101413', '林易柔', '', 3, 1, 101, '504', '0000-00-00 00:00:00'),
('510101414', '510101414', '林姵萱', '', 3, 1, 101, '504', '0000-00-00 00:00:00'),
('510101415', '510101415', '林貞妙', '', 3, 1, 101, '504', '0000-00-00 00:00:00'),
('510101416', '510101416', '林雅雯', '', 3, 1, 101, '504', '0000-00-00 00:00:00'),
('510101417', '510101417', '洪韻庭', '', 3, 1, 101, '504', '0000-00-00 00:00:00'),
('510101418', '510101418', '徐詩閔', '', 3, 1, 101, '504', '0000-00-00 00:00:00'),
('510101420', '510101420', '張嘉菱', '', 3, 1, 101, '504', '0000-00-00 00:00:00'),
('510101421', '510101421', '許嘉芳', '', 3, 1, 101, '504', '0000-00-00 00:00:00'),
('510101422', '510101422', '許嘉舫', '', 3, 1, 101, '504', '0000-00-00 00:00:00'),
('510101424', '510101424', '陳佳蓉', '', 3, 1, 101, '504', '0000-00-00 00:00:00'),
('510101425', '510101425', '陳孟庭', '', 3, 1, 101, '504', '0000-00-00 00:00:00'),
('510101426', '510101426', '陳玟秀', '', 3, 1, 101, '504', '0000-00-00 00:00:00'),
('510101427', '510101427', '陳思涵', '', 3, 1, 101, '504', '0000-00-00 00:00:00'),
('510101429', '510101429', '曾柏瑄', '', 3, 1, 101, '504', '0000-00-00 00:00:00'),
('510101430', '510101430', '黃于璇', '', 3, 1, 101, '504', '0000-00-00 00:00:00'),
('510101431', '510101431', '黃亭綺', '', 3, 1, 101, '504', '0000-00-00 00:00:00'),
('510101432', '510101432', '黃靖珺', '', 3, 1, 101, '504', '0000-00-00 00:00:00'),
('510101433', '510101433', '黃蕾', '', 3, 1, 101, '504', '0000-00-00 00:00:00'),
('510101434', '510101434', '黃馨玉', '', 3, 1, 101, '504', '0000-00-00 00:00:00'),
('510101435', '510101435', '詹依菁', '', 3, 1, 101, '504', '0000-00-00 00:00:00'),
('510101436', '510101436', '劉子甄', '', 3, 1, 101, '504', '0000-00-00 00:00:00'),
('510101437', '510101437', '劉佳妮', '', 3, 1, 101, '504', '0000-00-00 00:00:00'),
('510101438', '510101438', '劉怡萱', '', 3, 1, 101, '504', '0000-00-00 00:00:00'),
('510101440', '510101440', '歐陽欣妤', '', 3, 1, 101, '504', '0000-00-00 00:00:00'),
('510101441', '510101441', '蔡佩晴', '', 3, 1, 101, '504', '0000-00-00 00:00:00'),
('510101442', '510101442', '鄭士雅', '', 3, 1, 101, '504', '0000-00-00 00:00:00'),
('510101443', '510101443', '鄭郁晴', '', 3, 1, 101, '504', '0000-00-00 00:00:00'),
('510101444', '510101444', '鄭雅心', '', 3, 1, 101, '504', '0000-00-00 00:00:00'),
('510101445', '510101445', '賴淑芳', '', 3, 1, 101, '504', '0000-00-00 00:00:00'),
('510101446', '510101446', '薛佳雨', '', 3, 1, 101, '504', '0000-00-00 00:00:00'),
('510101447', '510101447', '顏岑玲', '', 3, 1, 101, '504', '0000-00-00 00:00:00'),
('510101448', '510101448', '蘇詠涵', '', 3, 1, 101, '504', '0000-00-00 00:00:00'),
('510101449', '510101449', '鄭加宏', '', 3, 1, 101, '504', '0000-00-00 00:00:00'),
('510101450', '510101450', '葉翰昇', '', 3, 1, 101, '504', '0000-00-00 00:00:00'),
('510101451', '510101451', '蕭筱璉', '', 3, 1, 101, '504', '0000-00-00 00:00:00'),
('510101452', '510101452', '李佳蓉', '', 3, 1, 101, '504', '0000-00-00 00:00:00'),
('510101453', '510101453', '高珮珊', '', 3, 1, 101, '504', '0000-00-00 00:00:00'),
('510101501', '510101501', '于欣玉', '', 3, 1, 101, '505', '0000-00-00 00:00:00'),
('510101502', '510101502', '方藺瑩', '', 3, 1, 101, '505', '0000-00-00 00:00:00'),
('510101503', '510101503', '王思云', '', 3, 1, 101, '505', '0000-00-00 00:00:00'),
('510101504', '510101504', '王惠文', '', 3, 1, 101, '505', '0000-00-00 00:00:00'),
('510101505', '510101505', '江育甄', '', 3, 1, 101, '505', '0000-00-00 00:00:00'),
('510101506', '510101506', '吳沂臻', '', 3, 1, 101, '505', '0000-00-00 00:00:00'),
('510101507', '510101507', '吳孟雯', '', 3, 1, 101, '505', '0000-00-00 00:00:00'),
('510101508', '510101508', '吳嘉珮', '', 3, 1, 101, '505', '0000-00-00 00:00:00'),
('510101509', '510101509', '李彥妮', '', 3, 1, 101, '505', '0000-00-00 00:00:00'),
('510101510', '510101510', '周廷芳', '', 3, 1, 101, '505', '0000-00-00 00:00:00'),
('510101511', '510101511', '周庭韻', '', 3, 1, 101, '505', '0000-00-00 00:00:00'),
('510101512', '510101512', '林君穎', '', 3, 1, 101, '505', '0000-00-00 00:00:00'),
('510101513', '510101513', '林佩臻', '', 3, 1, 101, '505', '0000-00-00 00:00:00'),
('510101514', '510101514', '林佳君', '', 3, 1, 101, '505', '0000-00-00 00:00:00'),
('510101515', '510101515', '林姿妤', '', 3, 1, 101, '505', '0000-00-00 00:00:00'),
('510101516', '510101516', '林莉蓉', '', 3, 1, 101, '505', '0000-00-00 00:00:00'),
('510101517', '510101517', '邱凰慈', '', 3, 1, 101, '505', '0000-00-00 00:00:00'),
('510101518', '510101518', '邱運金', '', 3, 1, 101, '505', '0000-00-00 00:00:00'),
('510101519', '510101519', '城佳琪', '', 3, 1, 101, '505', '0000-00-00 00:00:00'),
('510101521', '510101521', '柯以琳', '', 3, 1, 101, '505', '0000-00-00 00:00:00'),
('510101522', '510101522', '洪宜靖', '', 3, 1, 101, '505', '0000-00-00 00:00:00'),
('510101523', '510101523', '洪練穎', '', 3, 1, 101, '505', '0000-00-00 00:00:00'),
('510101524', '510101524', '高群茜', '', 3, 1, 101, '505', '0000-00-00 00:00:00'),
('510101525', '510101525', '張悅虹', '', 3, 1, 101, '505', '0000-00-00 00:00:00'),
('510101527', '510101527', '莊淑?', '', 3, 1, 101, '505', '0000-00-00 00:00:00'),
('510101528', '510101528', '陳冠瑾', '', 3, 1, 101, '505', '0000-00-00 00:00:00'),
('510101529', '510101529', '陳姿穎', '', 3, 1, 101, '505', '0000-00-00 00:00:00'),
('510101530', '510101530', '陳宥筑', '', 3, 1, 101, '505', '0000-00-00 00:00:00'),
('510101531', '510101531', '陳昱翔', 'test@gmail.com', 3, 1, 101, '405', '0000-00-00 00:00:00'),
('510101532', '510101532', '陳昱瑄', '', 3, 1, 101, '505', '0000-00-00 00:00:00'),
('510101533', '510101533', '陳苡阡', '', 3, 1, 101, '505', '0000-00-00 00:00:00'),
('510101534', '510101534', '陳若羽', '', 3, 1, 101, '505', '0000-00-00 00:00:00'),
('510101535', '510101535', '陳郁晴', '', 3, 1, 101, '505', '0000-00-00 00:00:00'),
('510101536', '510101536', '陳穎宣', '', 3, 1, 101, '505', '0000-00-00 00:00:00'),
('510101537', '510101537', '陳穎葳', '', 3, 1, 101, '505', '0000-00-00 00:00:00'),
('510101538', '510101538', '彭沛綺', '', 3, 1, 101, '505', '0000-00-00 00:00:00'),
('510101539', '510101539', '黃如韻', '', 3, 1, 101, '505', '0000-00-00 00:00:00'),
('510101540', '510101540', '黃筱娟', '', 3, 1, 101, '505', '0000-00-00 00:00:00'),
('510101541', '510101541', '楊孟儒', '', 3, 1, 101, '505', '0000-00-00 00:00:00'),
('510101542', '510101542', '葉凡瑄', '', 3, 1, 101, '505', '0000-00-00 00:00:00'),
('510101543', '510101543', '蔡安雅', '', 3, 1, 101, '505', '0000-00-00 00:00:00'),
('510101544', '510101544', '蔡依秀', '', 3, 1, 101, '505', '0000-00-00 00:00:00'),
('510101545', '510101545', '鄭?珈', '', 3, 1, 101, '505', '0000-00-00 00:00:00'),
('510101546', '510101546', '賴雅筠', '', 3, 1, 101, '505', '0000-00-00 00:00:00'),
('510101547', '510101547', '閻俞妤', '', 3, 1, 101, '505', '0000-00-00 00:00:00'),
('510101548', '510101548', '謝蓮蓁', '', 3, 1, 101, '505', '0000-00-00 00:00:00'),
('510101549', '510101549', '羅盈瑄', '', 3, 1, 101, '505', '0000-00-00 00:00:00'),
('510101550', '510101550', '羅翊雯', '', 3, 1, 101, '505', '0000-00-00 00:00:00'),
('510101551', '510101551', '蘇怡安', '', 3, 1, 101, '505', '0000-00-00 00:00:00'),
('510101552', '510101552', '蘇培棱', '', 3, 1, 101, '505', '0000-00-00 00:00:00'),
('510101601', '510101601', '王芷妍', '', 3, 1, 101, '506', '0000-00-00 00:00:00'),
('510101602', '510101602', '王莉筑', '', 3, 1, 101, '506', '0000-00-00 00:00:00'),
('510101603', '510101603', '王麗媛', '', 3, 1, 101, '506', '0000-00-00 00:00:00'),
('510101605', '510101605', '余芃穎', '', 3, 1, 101, '506', '0000-00-00 00:00:00'),
('510101606', '510101606', '吳心雅', '', 3, 1, 101, '506', '0000-00-00 00:00:00'),
('510101608', '510101608', '吳書綺', '', 3, 1, 101, '506', '0000-00-00 00:00:00'),
('510101609', '510101609', '吳珮亨', '', 3, 1, 101, '406', '0000-00-00 00:00:00'),
('510101610', '510101610', '宋冠霖', '', 3, 1, 101, '506', '0000-00-00 00:00:00'),
('510101611', '510101611', '李冠伶', '', 3, 1, 101, '506', '0000-00-00 00:00:00'),
('510101612', '510101612', '李鳳凰', '', 3, 1, 101, '506', '0000-00-00 00:00:00'),
('510101613', '510101613', '林侑蓉', '', 3, 1, 101, '506', '0000-00-00 00:00:00'),
('510101614', '510101614', '林浩宇', '', 3, 1, 101, '506', '0000-00-00 00:00:00'),
('510101615', '510101615', '林婉玲', '', 3, 1, 101, '506', '0000-00-00 00:00:00'),
('510101616', '510101616', '邱子芸', '', 3, 1, 101, '506', '0000-00-00 00:00:00'),
('510101617', '510101617', '邱冠禎', '', 3, 1, 101, '506', '0000-00-00 00:00:00'),
('510101618', '510101618', '?嘉芳', '', 3, 1, 101, '506', '0000-00-00 00:00:00'),
('510101619', '510101619', '柯亭毓', '', 3, 1, 101, '506', '0000-00-00 00:00:00'),
('510101620', '510101620', '洪于婷', '', 3, 1, 101, '506', '0000-00-00 00:00:00'),
('510101621', '510101621', '洪婕芸', '', 3, 1, 101, '506', '0000-00-00 00:00:00'),
('510101623', '510101623', '胡書筠', '', 3, 1, 101, '506', '0000-00-00 00:00:00'),
('510101624', '510101624', '翁文瑩', '', 3, 1, 101, '506', '0000-00-00 00:00:00'),
('510101625', '510101625', '高婕婷', '', 3, 1, 101, '506', '0000-00-00 00:00:00'),
('510101626', '510101626', '張育綺', '', 3, 1, 101, '506', '0000-00-00 00:00:00'),
('510101627', '510101627', '張思瑩', '', 3, 1, 101, '506', '0000-00-00 00:00:00'),
('510101628', '510101628', '張滋庭', '', 3, 1, 101, '506', '0000-00-00 00:00:00'),
('510101630', '510101630', '張筠佳', '', 3, 1, 101, '506', '0000-00-00 00:00:00'),
('510101631', '510101631', '曹育禎', '', 3, 1, 101, '506', '0000-00-00 00:00:00'),
('510101632', '510101632', '許庭瑜', '', 3, 1, 101, '506', '0000-00-00 00:00:00'),
('510101633', '510101633', '連慧瑀', '', 3, 1, 101, '506', '0000-00-00 00:00:00'),
('510101634', '510101634', '郭趙萱', '', 3, 1, 101, '506', '0000-00-00 00:00:00'),
('510101635', '510101635', '陳如儀', '', 3, 1, 101, '506', '0000-00-00 00:00:00'),
('510101636', '510101636', '陳廷瑜', '', 3, 1, 101, '506', '0000-00-00 00:00:00'),
('510101637', '510101637', '陳佩萱', '', 3, 1, 101, '506', '0000-00-00 00:00:00'),
('510101638', '510101638', '陳映璇', '', 3, 1, 101, '506', '0000-00-00 00:00:00'),
('510101639', '510101639', '陳慧純', '', 3, 1, 101, '506', '0000-00-00 00:00:00'),
('510101640', '510101640', '傅芊卉', '', 3, 1, 101, '506', '0000-00-00 00:00:00'),
('510101641', '510101641', '黃郁鈞', '', 3, 1, 101, '506', '0000-00-00 00:00:00'),
('510101642', '510101642', '黃珮瑜', '', 3, 1, 101, '506', '0000-00-00 00:00:00'),
('510101643', '510101643', '黃嘉綺', '', 3, 1, 101, '506', '0000-00-00 00:00:00'),
('510101644', '510101644', '楊念融', '', 3, 1, 101, '506', '0000-00-00 00:00:00'),
('510101645', '510101645', '楊筑?', '', 3, 1, 101, '506', '0000-00-00 00:00:00'),
('510101647', '510101647', '趙妤芯', '', 3, 1, 101, '506', '0000-00-00 00:00:00'),
('510101649', '510101649', '劉馥瑀', '', 3, 1, 101, '506', '0000-00-00 00:00:00'),
('510101650', '510101650', '蔡昕育', '', 3, 1, 101, '506', '0000-00-00 00:00:00'),
('510101651', '510101651', '蔡嘉容', '', 3, 1, 101, '506', '0000-00-00 00:00:00'),
('510101652', '510101652', '鄭又芯', '', 3, 1, 101, '506', '0000-00-00 00:00:00'),
('510201101', '510201101', '方宣雯', '', 3, 1, 102, '401', '0000-00-00 00:00:00'),
('510201102', '510201102', '王辰瑄', '', 3, 1, 102, '401', '0000-00-00 00:00:00'),
('510201103', '510201103', '王俐琳', '', 3, 1, 102, '401', '0000-00-00 00:00:00'),
('510201104', '510201104', '王婕', '', 3, 1, 102, '401', '0000-00-00 00:00:00'),
('510201105', '510201105', '王聖雅', '', 3, 1, 102, '401', '0000-00-00 00:00:00'),
('510201106', '510201106', '江幼君', '', 3, 1, 102, '401', '0000-00-00 00:00:00'),
('510201107', '510201107', '余楚鈞', '', 3, 1, 102, '401', '0000-00-00 00:00:00'),
('510201108', '510201108', '吳品萱', '', 3, 1, 102, '401', '0000-00-00 00:00:00'),
('510201109', '510201109', '吳詰泰', '', 3, 1, 102, '401', '0000-00-00 00:00:00'),
('510201110', '510201110', '吳瑩琪', '', 3, 1, 102, '401', '0000-00-00 00:00:00'),
('510201111', '510201111', '呂夙慧', '', 3, 1, 102, '401', '0000-00-00 00:00:00'),
('510201112', '510201112', '周聖涵', '', 3, 1, 102, '401', '0000-00-00 00:00:00'),
('510201113', '510201113', '林丹楓', '', 3, 1, 102, '401', '0000-00-00 00:00:00'),
('510201114', '510201114', '林佳萱', '', 3, 1, 102, '401', '0000-00-00 00:00:00'),
('510201115', '510201115', '林庭萱', '', 3, 1, 102, '401', '0000-00-00 00:00:00'),
('510201116', '510201116', '邱君盈', '', 3, 1, 102, '401', '0000-00-00 00:00:00'),
('510201117', '510201117', '邱芷柔', '', 3, 1, 102, '401', '0000-00-00 00:00:00'),
('510201118', '510201118', '姜宜伶', '', 3, 1, 102, '401', '0000-00-00 00:00:00'),
('510201119', '510201119', '洪珮珊', '', 3, 1, 102, '401', '0000-00-00 00:00:00'),
('510201120', '510201120', '候孟萱', '', 3, 1, 102, '401', '0000-00-00 00:00:00'),
('510201121', '510201121', '埕貝妤', '', 3, 1, 102, '401', '0000-00-00 00:00:00'),
('510201122', '510201122', '孫于婷', '', 3, 1, 102, '401', '0000-00-00 00:00:00'),
('510201123', '510201123', '徐金秀', '', 3, 1, 102, '401', '0000-00-00 00:00:00'),
('510201124', '510201124', '馬亦萱', '', 3, 1, 102, '401', '0000-00-00 00:00:00'),
('510201125', '510201125', '高宏宗', '', 3, 1, 102, '401', '0000-00-00 00:00:00'),
('510201126', '510201126', '高婕', '', 3, 1, 102, '401', '0000-00-00 00:00:00'),
('510201127', '510201127', '高語蓮', '', 3, 1, 102, '401', '0000-00-00 00:00:00'),
('510201128', '510201128', '張仁恩', '', 3, 1, 102, '401', '0000-00-00 00:00:00'),
('510201129', '510201129', '曹瑋珊', '', 3, 1, 102, '401', '0000-00-00 00:00:00'),
('510201130', '510201130', '莊雅君', '', 3, 1, 102, '401', '0000-00-00 00:00:00'),
('510201131', '510201131', '莊蕙華', '', 3, 1, 102, '401', '0000-00-00 00:00:00'),
('510201132', '510201132', '郭可婕', '', 3, 1, 102, '401', '0000-00-00 00:00:00'),
('510201133', '510201133', '郭品其', '', 3, 1, 102, '401', '0000-00-00 00:00:00'),
('510201134', '510201134', '郭祐鑫', '', 3, 1, 102, '401', '0000-00-00 00:00:00'),
('510201135', '510201135', '陳昜', '', 3, 1, 102, '401', '0000-00-00 00:00:00'),
('510201136', '510201136', '陳艾綸', '', 3, 1, 102, '401', '0000-00-00 00:00:00'),
('510201137', '510201137', '陳怡安', '', 3, 1, 102, '401', '0000-00-00 00:00:00'),
('510201139', '510201139', '陳郁婷', '', 3, 1, 102, '401', '0000-00-00 00:00:00'),
('510201140', '510201140', '陳葶芳', '', 3, 1, 102, '401', '0000-00-00 00:00:00'),
('510201141', '510201141', '曾郁晴', '', 3, 1, 102, '401', '0000-00-00 00:00:00'),
('510201142', '510201142', '黃千芳', '', 3, 1, 102, '401', '0000-00-00 00:00:00'),
('510201143', '510201143', '黃思瑜', '', 3, 1, 102, '401', '0000-00-00 00:00:00'),
('510201144', '510201144', '黃琪芳', '', 3, 1, 102, '401', '0000-00-00 00:00:00'),
('510201146', '510201146', '趙亭歡', '', 3, 1, 102, '401', '0000-00-00 00:00:00'),
('510201147', '510201147', '趙珮淇', '', 3, 1, 102, '401', '0000-00-00 00:00:00'),
('510201148', '510201148', '劉嘉玉', '', 3, 1, 102, '401', '0000-00-00 00:00:00'),
('510201149', '510201149', '鄭家琳', '', 3, 1, 102, '401', '0000-00-00 00:00:00'),
('510201150', '510201150', '鄭淳尹', '', 3, 1, 102, '401', '0000-00-00 00:00:00'),
('510201151', '510201151', '盧巧庭', '', 3, 1, 102, '401', '0000-00-00 00:00:00'),
('510201152', '510201152', '穆沛妤', '', 3, 1, 102, '401', '0000-00-00 00:00:00'),
('510201153', '510201153', '江佳諭', '', 3, 1, 102, '401', '0000-00-00 00:00:00'),
('510201201', '510201201', '于絲涵', '', 3, 1, 102, '402', '0000-00-00 00:00:00'),
('510201202', '510201202', '方郁淇', '', 3, 1, 102, '402', '0000-00-00 00:00:00'),
('510201203', '510201203', '王尹禎', '', 3, 1, 102, '402', '0000-00-00 00:00:00'),
('510201204', '510201204', '王羽暄', '', 3, 1, 102, '402', '0000-00-00 00:00:00'),
('510201205', '510201205', '王佳伶', '', 3, 1, 102, '402', '0000-00-00 00:00:00'),
('510201206', '510201206', '王怡晴', '', 3, 1, 102, '402', '0000-00-00 00:00:00'),
('510201207', '510201207', '王泓予', '', 3, 1, 102, '402', '0000-00-00 00:00:00'),
('510201208', '510201208', '王思涵', '', 3, 1, 102, '402', '0000-00-00 00:00:00'),
('510201209', '510201209', '王貞予', '', 3, 1, 102, '402', '0000-00-00 00:00:00'),
('510201210', '510201210', '王僑琳', '', 3, 1, 102, '402', '0000-00-00 00:00:00'),
('510201211', '510201211', '白蕎菁', '', 3, 1, 102, '402', '0000-00-00 00:00:00'),
('510201212', '510201212', '吳庭萱', '', 3, 1, 102, '402', '0000-00-00 00:00:00'),
('510201213', '510201213', '李秋宜', '', 3, 1, 102, '402', '0000-00-00 00:00:00'),
('510201214', '510201214', '李家盈', '', 3, 1, 102, '402', '0000-00-00 00:00:00'),
('510201215', '510201215', '周郁琳', '', 3, 1, 102, '402', '0000-00-00 00:00:00'),
('510201216', '510201216', '林孟潔', '', 3, 1, 102, '402', '0000-00-00 00:00:00'),
('510201217', '510201217', '侯伊靜', '', 3, 1, 102, '402', '0000-00-00 00:00:00'),
('510201218', '510201218', '洪育筌', '', 3, 1, 102, '402', '0000-00-00 00:00:00'),
('510201219', '510201219', '胡秋鳳', '', 3, 1, 102, '402', '0000-00-00 00:00:00'),
('510201220', '510201220', '孫家揚', '', 3, 1, 102, '402', '0000-00-00 00:00:00'),
('510201221', '510201221', '徐晏琳', '', 3, 1, 102, '402', '0000-00-00 00:00:00'),
('510201222', '510201222', '徐善棋', '', 3, 1, 102, '402', '0000-00-00 00:00:00'),
('510201223', '510201223', '徐琪萱', '', 3, 1, 102, '402', '0000-00-00 00:00:00'),
('510201224', '510201224', '高綺雯', '', 3, 1, 102, '402', '0000-00-00 00:00:00'),
('510201225', '510201225', '張予華', '', 3, 1, 102, '402', '0000-00-00 00:00:00'),
('510201226', '510201226', '許怡萱', '', 3, 1, 102, '402', '0000-00-00 00:00:00'),
('510201227', '510201227', '許茹茵', '', 3, 1, 102, '402', '0000-00-00 00:00:00'),
('510201228', '510201228', '連加珮', '', 3, 1, 102, '402', '0000-00-00 00:00:00'),
('510201229', '510201229', '郭宛宜', '', 3, 1, 102, '402', '0000-00-00 00:00:00'),
('510201230', '510201230', '陳依靜', '', 3, 1, 102, '402', '0000-00-00 00:00:00'),
('510201231', '510201231', '陳孟筠', '', 3, 1, 102, '402', '0000-00-00 00:00:00'),
('510201232', '510201232', '陳怡愉', '', 3, 1, 102, '402', '0000-00-00 00:00:00'),
('510201233', '510201233', '陳彥萍', '', 3, 1, 102, '402', '0000-00-00 00:00:00'),
('510201234', '510201234', '陳柔慈', '', 3, 1, 102, '402', '0000-00-00 00:00:00'),
('510201235', '510201235', '陳詠芯', '', 3, 1, 102, '402', '0000-00-00 00:00:00'),
('510201236', '510201236', '陳意晴', '', 3, 1, 102, '402', '0000-00-00 00:00:00'),
('510201237', '510201237', '陳夢屏', '', 3, 1, 102, '402', '0000-00-00 00:00:00'),
('510201238', '510201238', '黃安琪', '', 3, 1, 102, '402', '0000-00-00 00:00:00'),
('510201239', '510201239', '黃芊華', '', 3, 1, 102, '402', '0000-00-00 00:00:00'),
('510201240', '510201240', '揚憶萱', '', 3, 1, 102, '402', '0000-00-00 00:00:00'),
('510201241', '510201241', '葉盈萱', '', 3, 1, 102, '402', '0000-00-00 00:00:00'),
('510201243', '510201243', '鄔惠平', '', 3, 1, 102, '402', '0000-00-00 00:00:00'),
('510201244', '510201244', '劉育綺', '', 3, 1, 102, '402', '0000-00-00 00:00:00'),
('510201245', '510201245', '劉韶涓', '', 3, 1, 102, '402', '0000-00-00 00:00:00'),
('510201246', '510201246', '鄭慧青', '', 3, 1, 102, '402', '0000-00-00 00:00:00'),
('510201247', '510201247', '蕭吟萱', '', 3, 1, 102, '402', '0000-00-00 00:00:00'),
('510201248', '510201248', '賴嘉怡', '', 3, 1, 102, '402', '0000-00-00 00:00:00'),
('510201249', '510201249', '賴慧潾', '', 3, 1, 102, '402', '0000-00-00 00:00:00'),
('510201250', '510201250', '顏子晴', '', 3, 1, 102, '402', '0000-00-00 00:00:00'),
('510201251', '510201251', '顏孟婕', '', 3, 1, 102, '402', '0000-00-00 00:00:00'),
('510201252', '510201252', '蘇于婷', '', 3, 1, 102, '402', '0000-00-00 00:00:00'),
('510201301', '510201301', '文祺淋', '', 3, 1, 102, '403', '0000-00-00 00:00:00'),
('510201302', '510201302', '方柔雅', '', 3, 1, 102, '403', '0000-00-00 00:00:00'),
('510201303', '510201303', '毛佳琪', '', 3, 1, 102, '403', '0000-00-00 00:00:00'),
('510201305', '510201305', '何芷穎', '', 3, 1, 102, '403', '0000-00-00 00:00:00'),
('510201306', '510201306', '吳敏利', '', 3, 1, 102, '403', '0000-00-00 00:00:00'),
('510201307', '510201307', '呂佳穎', '', 3, 1, 102, '403', '0000-00-00 00:00:00'),
('510201308', '510201308', '李依芬', '', 3, 1, 102, '403', '0000-00-00 00:00:00'),
('510201309', '510201309', '杜怡萱', '', 3, 1, 102, '403', '0000-00-00 00:00:00'),
('510201310', '510201310', '林沛君', '', 3, 1, 102, '403', '0000-00-00 00:00:00'),
('510201311', '510201311', '林姿欣', '', 3, 1, 102, '403', '0000-00-00 00:00:00'),
('510201312', '510201312', '林宥靜', '', 3, 1, 102, '403', '0000-00-00 00:00:00'),
('510201313', '510201313', '林郁錚', '', 3, 1, 102, '403', '0000-00-00 00:00:00'),
('510201314', '510201314', '林淑怡', '', 3, 1, 102, '403', '0000-00-00 00:00:00'),
('510201315', '510201315', '林璟伭', '', 3, 1, 102, '403', '0000-00-00 00:00:00'),
('510201316', '510201316', '邱怡軒', '', 3, 1, 102, '403', '0000-00-00 00:00:00'),
('510201317', '510201317', '施育娟', '', 3, 1, 102, '403', '0000-00-00 00:00:00'),
('510201318', '510201318', '洪瑀婕', '', 3, 1, 102, '403', '0000-00-00 00:00:00'),
('510201320', '510201320', '胡珈瑄', '', 3, 1, 102, '403', '0000-00-00 00:00:00'),
('510201321', '510201321', '張良吉', '', 3, 1, 102, '403', '0000-00-00 00:00:00'),
('510201322', '510201322', '張睆睆', '', 3, 1, 102, '403', '0000-00-00 00:00:00'),
('510201323', '510201323', '張譯文', '', 3, 1, 102, '403', '0000-00-00 00:00:00'),
('510201324', '510201324', '許宇妏', '', 3, 1, 102, '403', '0000-00-00 00:00:00'),
('510201325', '510201325', '郭家成', '', 3, 1, 102, '403', '0000-00-00 00:00:00'),
('510201326', '510201326', '陳均怡', '', 3, 1, 102, '403', '0000-00-00 00:00:00'),
('510201327', '510201327', '陳眉娟', '', 3, 1, 102, '403', '0000-00-00 00:00:00'),
('510201328', '510201328', '陳禹勳', '', 3, 1, 102, '403', '0000-00-00 00:00:00'),
('510201329', '510201329', '陳韋錡', '', 3, 1, 102, '403', '0000-00-00 00:00:00'),
('510201330', '510201330', '陳慧容', '', 3, 1, 102, '403', '0000-00-00 00:00:00'),
('510201331', '510201331', '曾苡筑', '', 3, 1, 102, '403', '0000-00-00 00:00:00'),
('510201332', '510201332', '曾霈允', '', 3, 1, 102, '403', '0000-00-00 00:00:00'),
('510201333', '510201333', '游羿芸', '', 3, 1, 102, '403', '0000-00-00 00:00:00'),
('510201335', '510201335', '黃柔瑄', '', 3, 1, 102, '403', '0000-00-00 00:00:00'),
('510201336', '510201336', '黃貞螢', '', 3, 1, 102, '403', '0000-00-00 00:00:00'),
('510201337', '510201337', '黃詠萱', '', 3, 1, 102, '403', '0000-00-00 00:00:00'),
('510201338', '510201338', '黃閔', '', 3, 1, 102, '403', '0000-00-00 00:00:00'),
('510201339', '510201339', '楊子緣', '', 3, 1, 102, '403', '0000-00-00 00:00:00'),
('510201340', '510201340', '楊欣怡', '', 3, 1, 102, '403', '0000-00-00 00:00:00'),
('510201341', '510201341', '楊培鈺', '', 3, 1, 102, '403', '0000-00-00 00:00:00'),
('510201342', '510201342', '劉秋君', '', 3, 1, 102, '403', '0000-00-00 00:00:00'),
('510201343', '510201343', '鄭?珊', '', 3, 1, 102, '403', '0000-00-00 00:00:00'),
('510201344', '510201344', '謝旻穎', '', 3, 1, 102, '403', '0000-00-00 00:00:00'),
('510201345', '510201345', '謝雅婷', '', 3, 1, 102, '403', '0000-00-00 00:00:00'),
('510201346', '510201346', '簡吟竹', '', 3, 1, 102, '403', '0000-00-00 00:00:00'),
('510201347', '510201347', '簡瑜萱', '', 3, 1, 102, '403', '0000-00-00 00:00:00'),
('510201348', '510201348', '顏榆珊', '', 3, 1, 102, '403', '0000-00-00 00:00:00'),
('510201349', '510201349', '羅景昱', '', 3, 1, 102, '403', '0000-00-00 00:00:00'),
('510201350', '510201350', '蘇品源', '', 3, 1, 102, '403', '0000-00-00 00:00:00'),
('510201351', '510201351', '蘇靚珊', '', 3, 1, 102, '403', '0000-00-00 00:00:00'),
('510201401', '510201401', '尹容燦', '', 3, 1, 102, '404', '0000-00-00 00:00:00'),
('510201402', '510201402', '尹騰翎', '', 3, 1, 102, '404', '0000-00-00 00:00:00'),
('510201403', '510201403', '王依婷', '', 3, 1, 102, '404', '0000-00-00 00:00:00'),
('510201404', '510201404', '未填寫', '', 3, 1, 102, '404', '0000-00-00 00:00:00'),
('510201405', '510201405', '田文方', '', 3, 1, 102, '404', '0000-00-00 00:00:00'),
('510201406', '510201406', '田加昕', '', 3, 1, 102, '404', '0000-00-00 00:00:00'),
('510201407', '510201407', '江馥庭', '', 3, 1, 102, '404', '0000-00-00 00:00:00'),
('510201408', '510201408', '吳奕萱', '', 3, 1, 102, '404', '0000-00-00 00:00:00'),
('510201409', '510201409', '李佩容', '', 3, 1, 102, '404', '0000-00-00 00:00:00'),
('510201410', '510201410', '李捷穎', '', 3, 1, 102, '404', '0000-00-00 00:00:00'),
('510201411', '510201411', '李佩瑋', '', 3, 1, 102, '404', '0000-00-00 00:00:00'),
('510201412', '510201412', '沈姿伶', '', 3, 1, 102, '404', '0000-00-00 00:00:00'),
('510201413', '510201413', '周佳蓉', '', 3, 1, 102, '404', '0000-00-00 00:00:00'),
('510201414', '510201414', '未填寫', '', 3, 1, 102, '404', '0000-00-00 00:00:00'),
('510201415', '510201415', '林承慧', '', 3, 1, 102, '404', '0000-00-00 00:00:00'),
('510201416', '510201416', '林欣潔', '', 3, 1, 102, '404', '0000-00-00 00:00:00'),
('510201417', '510201417', '林春芬', '', 3, 1, 102, '404', '0000-00-00 00:00:00'),
('510201418', '510201418', '未填寫', '', 3, 1, 102, '404', '0000-00-00 00:00:00'),
('510201419', '510201419', '林皓龍', '', 3, 1, 102, '404', '0000-00-00 00:00:00'),
('510201420', '510201420', '侯美萍', '', 3, 1, 102, '404', '0000-00-00 00:00:00'),
('510201421', '510201421', '施佳萱', '', 3, 1, 102, '404', '0000-00-00 00:00:00'),
('510201422', '510201422', '洪郁雯', '', 3, 1, 102, '404', '0000-00-00 00:00:00'),
('510201423', '510201423', '洪宜昕', '', 3, 1, 102, '404', '0000-00-00 00:00:00'),
('510201424', '510201424', '邱惟瑄', '', 3, 1, 102, '404', '0000-00-00 00:00:00'),
('510201425', '510201425', '孫怡貞', '', 3, 1, 102, '404', '0000-00-00 00:00:00'),
('510201426', '510201426', '徐甄鎂', '', 3, 1, 102, '404', '0000-00-00 00:00:00'),
('510201427', '510201427', '梁欣茹', '', 3, 1, 102, '404', '0000-00-00 00:00:00'),
('510201428', '510201428', '徐芷瑄', '', 3, 1, 102, '404', '0000-00-00 00:00:00'),
('510201429', '510201429', '許雅涵', '', 3, 1, 102, '404', '0000-00-00 00:00:00'),
('510201430', '510201430', '郭美葳', '', 3, 1, 102, '404', '0000-00-00 00:00:00'),
('510201431', '510201431', '郭庭羽', '', 3, 1, 102, '404', '0000-00-00 00:00:00'),
('510201432', '510201432', '郭雅涵', '', 3, 1, 102, '404', '0000-00-00 00:00:00'),
('510201433', '510201433', '陳安綺', '', 3, 1, 102, '404', '0000-00-00 00:00:00'),
('510201434', '510201434', '陳佩慈', '', 3, 1, 102, '404', '0000-00-00 00:00:00'),
('510201435', '510201435', '陳怡妏', '', 3, 1, 102, '404', '0000-00-00 00:00:00'),
('510201436', '510201436', '陳怡雅', 'julia8702@yahoo.com', 3, 1, 102, '404', '0000-00-00 00:00:00'),
('510201437', '510201437', '馮柏叡', '', 3, 1, 102, '404', '0000-00-00 00:00:00'),
('510201438', '510201438', '黃秀芳', '', 3, 1, 102, '404', '0000-00-00 00:00:00'),
('510201439', '510201439', '黃怡萱', '', 3, 1, 102, '404', '0000-00-00 00:00:00'),
('510201440', '510201440', '黃婷吟', '', 3, 1, 102, '404', '0000-00-00 00:00:00'),
('510201441', '510201441', '楊依倫', '', 3, 1, 102, '404', '0000-00-00 00:00:00'),
('510201442', '510201442', '葉紘瑜', '', 3, 1, 102, '404', '0000-00-00 00:00:00'),
('510201443', '510201443', '董育瑄', '', 3, 1, 102, '404', '0000-00-00 00:00:00'),
('510201444', '510201444', '董柔妤', '', 3, 1, 102, '404', '0000-00-00 00:00:00'),
('510201445', '510201445', '劉彥妏', '', 3, 1, 102, '404', '0000-00-00 00:00:00'),
('510201446', '510201446', '蔡幸真', '', 3, 1, 102, '404', '0000-00-00 00:00:00'),
('510201447', '510201447', '蔡瑋庭', '', 3, 1, 102, '404', '0000-00-00 00:00:00'),
('510201448', '510201448', '顏宇賢', '', 3, 1, 102, '404', '0000-00-00 00:00:00'),
('510201449', '510201449', '羅佩庭', '', 3, 1, 102, '404', '0000-00-00 00:00:00'),
('510201450', '510201450', '蘇郁琪', '', 3, 1, 102, '404', '0000-00-00 00:00:00'),
('510201451', '510201451', '蘇敏華', '', 3, 1, 102, '404', '0000-00-00 00:00:00'),
('510201452', '510201452', '李芊', '', 3, 1, 102, '404', '0000-00-00 00:00:00'),
('510201453', '510201453', '劉群芳', '', 3, 1, 102, '404', '0000-00-00 00:00:00'),
('510201454', '510201454', '張嘉菱', '', 3, 1, 102, '404', '0000-00-00 00:00:00'),
('510201502', '510201502', '王意文', '', 3, 1, 102, '405', '0000-00-00 00:00:00'),
('510201503', '510201503', '王臻霓', '', 3, 1, 102, '405', '0000-00-00 00:00:00'),
('510201504', '510201504', '吳孟芸', '', 3, 1, 102, '405', '0000-00-00 00:00:00'),
('510201505', '510201505', '吳郁嫻', '', 3, 1, 102, '405', '0000-00-00 00:00:00'),
('510201506', '510201506', '呂科庭', '', 3, 1, 102, '405', '0000-00-00 00:00:00'),
('510201507', '510201507', '李佩姿', '', 3, 1, 102, '405', '0000-00-00 00:00:00'),
('510201508', '510201508', '李佳琳', '', 3, 1, 102, '405', '0000-00-00 00:00:00'),
('510201509', '510201509', '李芳誼', '', 3, 1, 102, '405', '0000-00-00 00:00:00'),
('510201510', '510201510', '李采諭', '', 3, 1, 102, '405', '0000-00-00 00:00:00'),
('510201511', '510201511', '李詠琳', '', 3, 1, 102, '405', '0000-00-00 00:00:00'),
('510201512', '510201512', '李蕙如', '', 3, 1, 102, '405', '0000-00-00 00:00:00'),
('510201513', '510201513', '林亞臻', '', 3, 1, 102, '405', '0000-00-00 00:00:00'),
('510201514', '510201514', '林芸憶', '', 3, 1, 102, '405', '0000-00-00 00:00:00'),
('510201515', '510201515', '林姿妤', '', 3, 1, 102, '405', '0000-00-00 00:00:00'),
('510201516', '510201516', '邱吉苹', '', 3, 1, 102, '405', '0000-00-00 00:00:00'),
('510201517', '510201517', '侯招榮', '', 3, 1, 102, '405', '0000-00-00 00:00:00'),
('510201518', '510201518', '柯伃軒', '', 3, 1, 102, '405', '0000-00-00 00:00:00'),
('510201519', '510201519', '柯喬喬', '', 3, 1, 102, '405', '0000-00-00 00:00:00'),
('510201520', '510201520', '洪筱涵', '', 3, 1, 102, '405', '0000-00-00 00:00:00'),
('510201521', '510201521', '胡苡婷', '', 3, 1, 102, '405', '0000-00-00 00:00:00'),
('510201522', '510201522', '孫芳槿', '', 3, 1, 102, '405', '0000-00-00 00:00:00'),
('510201523', '510201523', '翁郁淳', '', 3, 1, 102, '405', '0000-00-00 00:00:00'),
('510201524', '510201524', '張芳華', '', 3, 1, 102, '405', '0000-00-00 00:00:00'),
('510201525', '510201525', '張雅雯', '', 3, 1, 102, '405', '0000-00-00 00:00:00'),
('510201526', '510201526', '張憶婕', '', 3, 1, 102, '405', '0000-00-00 00:00:00'),
('510201528', '510201528', '許芊芊', '', 3, 1, 102, '405', '0000-00-00 00:00:00'),
('510201529', '510201529', '郭羽炘', '', 3, 1, 102, '405', '0000-00-00 00:00:00'),
('510201530', '510201530', '郭灩瑈', '', 3, 1, 102, '405', '0000-00-00 00:00:00'),
('510201531', '510201531', '陳妙芳', '', 3, 1, 102, '405', '0000-00-00 00:00:00'),
('510201532', '510201532', '陳宜汶', '', 3, 1, 102, '405', '0000-00-00 00:00:00'),
('510201533', '510201533', '陳姿諭', '', 3, 1, 102, '405', '0000-00-00 00:00:00'),
('510201534', '510201534', '陳秋萍', '', 3, 1, 102, '405', '0000-00-00 00:00:00'),
('510201536', '510201536', '馮鈴鈞', '', 3, 1, 102, '405', '0000-00-00 00:00:00'),
('510201537', '510201537', '黃雅盈', '', 3, 1, 102, '405', '0000-00-00 00:00:00'),
('510201538', '510201538', '黃雅琳', '', 3, 1, 102, '405', '0000-00-00 00:00:00'),
('510201539', '510201539', '黃靖雯', '', 3, 1, 102, '405', '0000-00-00 00:00:00'),
('510201540', '510201540', '楊淳涵', '', 3, 1, 102, '405', '0000-00-00 00:00:00'),
('510201541', '510201541', '董張佳筠', '', 3, 1, 102, '405', '0000-00-00 00:00:00'),
('510201542', '510201542', '劉雯琪', '', 3, 1, 102, '405', '0000-00-00 00:00:00'),
('510201543', '510201543', '蔡仲威', '', 3, 1, 102, '405', '0000-00-00 00:00:00'),
('510201544', '510201544', '蔡幸儀', '', 3, 1, 102, '405', '0000-00-00 00:00:00'),
('510201545', '510201545', '蔡惠恩', '', 3, 1, 102, '405', '0000-00-00 00:00:00'),
('510201546', '510201546', '蕭瑞瑩', '', 3, 1, 102, '405', '0000-00-00 00:00:00'),
('510201547', '510201547', '謝東菱', '', 3, 1, 102, '405', '0000-00-00 00:00:00'),
('510201548', '510201548', '謝雅涵', '', 3, 1, 102, '405', '0000-00-00 00:00:00'),
('510201549', '510201549', '簡杏樺', '', 3, 1, 102, '405', '0000-00-00 00:00:00'),
('510201550', '510201550', '羅竹均', '', 3, 1, 102, '405', '0000-00-00 00:00:00'),
('510201551', '510201551', '蘇育締', '', 3, 1, 102, '405', '0000-00-00 00:00:00'),
('510201552', '510201552', '王釋璞', '', 3, 1, 102, '405', '0000-00-00 00:00:00'),
('510201601', '510201601', '王映雯', '', 3, 1, 102, '406', '0000-00-00 00:00:00'),
('510201602', '510201602', '江倍儀', '', 3, 1, 102, '406', '0000-00-00 00:00:00'),
('510201603', '510201603', '何琍瑄', '', 3, 1, 102, '406', '0000-00-00 00:00:00'),
('510201604', '510201604', '吳世婷', '', 3, 1, 102, '406', '0000-00-00 00:00:00'),
('510201605', '510201605', '吳欣娟', '', 3, 1, 102, '406', '0000-00-00 00:00:00'),
('510201606', '510201606', '吳采蘋', '', 3, 1, 102, '406', '0000-00-00 00:00:00'),
('510201607', '510201607', '呂易修', '', 3, 1, 102, '406', '0000-00-00 00:00:00'),
('510201608', '510201608', '李佳靜', '', 3, 1, 102, '406', '0000-00-00 00:00:00'),
('510201609', '510201609', '李依和', '', 3, 1, 102, '406', '0000-00-00 00:00:00'),
('510201610', '510201610', '李貞汝', '', 3, 1, 102, '406', '0000-00-00 00:00:00'),
('510201611', '510201611', '林怡君', '', 3, 1, 102, '406', '0000-00-00 00:00:00'),
('510201612', '510201612', '林家禾', '', 3, 1, 102, '406', '0000-00-00 00:00:00'),
('510201613', '510201613', '林姿菡', '', 3, 1, 102, '406', '0000-00-00 00:00:00'),
('510201614', '510201614', '邱仁駿', '', 3, 1, 102, '406', '0000-00-00 00:00:00'),
('510201615', '510201615', '施秀蓮', '', 3, 1, 102, '406', '0000-00-00 00:00:00'),
('510201616', '510201616', '洪子晴', '', 3, 1, 102, '406', '0000-00-00 00:00:00'),
('510201617', '510201617', '高子惠', '', 3, 1, 102, '406', '0000-00-00 00:00:00'),
('510201618', '510201618', '張雅婷', '', 3, 1, 102, '406', '0000-00-00 00:00:00'),
('510201619', '510201619', '張簡仲媛', '', 3, 1, 102, '406', '0000-00-00 00:00:00'),
('510201620', '510201620', '陳巧晨', '', 3, 1, 102, '406', '0000-00-00 00:00:00'),
('510201621', '510201621', '陳竹穎', '', 3, 1, 102, '406', '0000-00-00 00:00:00'),
('510201622', '510201622', '陳怡枋', '', 3, 1, 102, '406', '0000-00-00 00:00:00'),
('510201623', '510201623', '陳怡甯', '', 3, 1, 102, '406', '0000-00-00 00:00:00'),
('510201624', '510201624', '陳俐伶', '', 3, 1, 102, '406', '0000-00-00 00:00:00'),
('510201625', '510201625', '陳姵如', '', 3, 1, 102, '406', '0000-00-00 00:00:00'),
('510201626', '510201626', '陳姿婷', '', 3, 1, 102, '406', '0000-00-00 00:00:00'),
('510201627', '510201627', '陳宣如', '', 3, 1, 102, '406', '0000-00-00 00:00:00'),
('510201628', '510201628', '陳彥慈', '', 3, 1, 102, '406', '0000-00-00 00:00:00'),
('510201629', '510201629', '陳珮涵', '', 3, 1, 102, '406', '0000-00-00 00:00:00'),
('510201630', '510201630', '陳雅慈', '', 3, 1, 102, '406', '0000-00-00 00:00:00'),
('510201631', '510201631', '傅鈺文', '', 3, 1, 102, '406', '0000-00-00 00:00:00'),
('510201632', '510201632', '曾亭瑀', '', 3, 1, 102, '406', '0000-00-00 00:00:00'),
('510201633', '510201633', '溫婷意', '', 3, 1, 102, '406', '0000-00-00 00:00:00'),
('510201634', '510201634', '黃于倢', '', 3, 1, 102, '406', '0000-00-00 00:00:00'),
('510201635', '510201635', '黃怡菱', '', 3, 1, 102, '406', '0000-00-00 00:00:00'),
('510201636', '510201636', '黃桂煌', '', 3, 1, 102, '406', '0000-00-00 00:00:00'),
('510201637', '510201637', '楊雅靖', '', 3, 1, 102, '406', '0000-00-00 00:00:00'),
('510201638', '510201638', '楊瀅儒', '', 3, 1, 102, '406', '0000-00-00 00:00:00'),
('510201639', '510201639', '董虹均', '', 3, 1, 102, '406', '0000-00-00 00:00:00'),
('510201640', '510201640', '劉璟穎', '', 3, 1, 102, '406', '0000-00-00 00:00:00'),
('510201641', '510201641', '蔡立軒', '', 3, 1, 102, '406', '0000-00-00 00:00:00'),
('510201642', '510201642', '蔡佩珊', '', 3, 1, 102, '406', '0000-00-00 00:00:00'),
('510201643', '510201643', '蔡佳芯', '', 3, 1, 102, '406', '0000-00-00 00:00:00'),
('510201644', '510201644', '鄭怡芊', '', 3, 1, 102, '406', '0000-00-00 00:00:00'),
('510201645', '510201645', '鄭芝芸', '', 3, 1, 102, '406', '0000-00-00 00:00:00'),
('510201646', '510201646', '盧芝岑', '', 3, 1, 102, '406', '0000-00-00 00:00:00'),
('510201647', '510201647', '賴春霖', '', 3, 1, 102, '406', '0000-00-00 00:00:00'),
('510201648', '510201648', '戴均竹', '', 3, 1, 102, '406', '0000-00-00 00:00:00'),
('510201649', '510201649', '謝佩芸', '', 3, 1, 102, '406', '0000-00-00 00:00:00'),
('510201650', '510201650', '蘇姵羽', '', 3, 1, 102, '406', '0000-00-00 00:00:00'),
('510201651', '510201651', '蘇意惠', '', 3, 1, 102, '406', '0000-00-00 00:00:00'),
('admin', 'l0726', '系統管理員', 'admin@stu.edu.tw', 1, 1, 106, '601', '0000-00-00 00:00:00'),
('ntin', 'ntin700', '管理員', '', 1, 1, 1, '1', '0000-00-00 00:00:00'),
('student', 'ntin3', '測試學生', 'student@stu.edu.tw', 3, 1, 102, '404', '0000-00-00 00:00:00'),
('teacher', 'ntin2', '測試老師', 'user2@stu.edu.tw', 2, 1, 106, '601', '0000-00-00 00:00:00'),
('teacher2', 'teacher2', '測試老師2', '', 2, 0, 100, '200', '2016-10-17 00:00:00');

-- --------------------------------------------------------

--
-- 資料表結構 `user_history`
--

CREATE TABLE `user_history` (
  `account` varchar(15) COLLATE utf8mb4_unicode_ci NOT NULL COMMENT '帳號',
  `team_id` int(11) NOT NULL COMMENT '隊伍id',
  `hw_id` varchar(111) COLLATE utf8mb4_unicode_ci NOT NULL COMMENT '作業id'
) ENGINE=InnoDB DEFAULT CHARSET=utf8;

--
-- 已匯出資料表的索引
--

--
-- 資料表索引 `course`
--
ALTER TABLE `course`
  ADD PRIMARY KEY (`course_id`);

--
-- 資料表索引 `family_member`
--
ALTER TABLE `family_member`
  ADD PRIMARY KEY (`fm_id`);

--
-- 資料表索引 `family_member_comment`
--
ALTER TABLE `family_member_comment`
  ADD PRIMARY KEY (`team_id`);

--
-- 資料表索引 `homework`
--
ALTER TABLE `homework`
  ADD PRIMARY KEY (`hw_id`);

--
-- 資料表索引 `main`
--
ALTER TABLE `main`
  ADD PRIMARY KEY (`main_id`);

--
-- 資料表索引 `menu_detail`
--
ALTER TABLE `menu_detail`
  ADD PRIMARY KEY (`menu_detailed_id`),
  ADD UNIQUE KEY `menu_id` (`menu_detailed_id`);

--
-- 資料表索引 `menu_group`
--
ALTER TABLE `menu_group`
  ADD PRIMARY KEY (`menu_group_id`),
  ADD UNIQUE KEY `menu_group_id` (`menu_group_id`);

--
-- 資料表索引 `record`
--
ALTER TABLE `record`
  ADD PRIMARY KEY (`record_id`);

--
-- 資料表索引 `team`
--
ALTER TABLE `team`
  ADD PRIMARY KEY (`team_id`);

--
-- 資料表索引 `upload`
--
ALTER TABLE `upload`
  ADD PRIMARY KEY (`team_id`);

--
-- 資料表索引 `user`
--
ALTER TABLE `user`
  ADD PRIMARY KEY (`account`);

--
-- 在匯出的資料表使用 AUTO_INCREMENT
--

--
-- 使用資料表 AUTO_INCREMENT `course`
--
ALTER TABLE `course`
  MODIFY `course_id` int(11) NOT NULL AUTO_INCREMENT;
--
-- 使用資料表 AUTO_INCREMENT `family_member`
--
ALTER TABLE `family_member`
  MODIFY `fm_id` int(11) NOT NULL AUTO_INCREMENT;
--
-- 使用資料表 AUTO_INCREMENT `homework`
--
ALTER TABLE `homework`
  MODIFY `hw_id` int(11) NOT NULL AUTO_INCREMENT;
--
-- 使用資料表 AUTO_INCREMENT `main`
--
ALTER TABLE `main`
  MODIFY `main_id` int(11) NOT NULL AUTO_INCREMENT COMMENT '主要id';
--
-- 使用資料表 AUTO_INCREMENT `menu_detail`
--
ALTER TABLE `menu_detail`
  MODIFY `menu_detailed_id` int(11) NOT NULL AUTO_INCREMENT, AUTO_INCREMENT=125;
--
-- 使用資料表 AUTO_INCREMENT `menu_group`
--
ALTER TABLE `menu_group`
  MODIFY `menu_group_id` int(11) NOT NULL AUTO_INCREMENT, AUTO_INCREMENT=6;
--
-- 使用資料表 AUTO_INCREMENT `record`
--
ALTER TABLE `record`
  MODIFY `record_id` int(255) NOT NULL AUTO_INCREMENT;
--
-- 使用資料表 AUTO_INCREMENT `team`
--
ALTER TABLE `team`
  MODIFY `team_id` int(255) NOT NULL AUTO_INCREMENT;
/*!40101 SET CHARACTER_SET_CLIENT=@OLD_CHARACTER_SET_CLIENT */;
/*!40101 SET CHARACTER_SET_RESULTS=@OLD_CHARACTER_SET_RESULTS */;
/*!40101 SET COLLATION_CONNECTION=@OLD_COLLATION_CONNECTION */;
